sample_idx,document_id,pers_entity_id,loc_entity_id,true_label,pred_label,confidence,entropy,prob_FALSE,prob_TRUE,prob_PROBABLE,logit_FALSE,logit_TRUE,logit_PROBABLE
0,NZZ-1928-06-05-a-p0002,NZZ-1928-06-05-a-p0002_Q670852,NZZ-1928-06-05-a-p0002_Q807,FALSE,FALSE,0.9525243043899536,0.22118872478969118,0.9525243043899536,0.015761230140924454,0.03171443194150925,2.515625,-1.5859375,-0.88671875
1,JDG-1921-02-22-34,JDG-1921-02-22-34-NIL_m_stalder,JDG-1921-02-22-34-NIL_geneve_ville,TRUE,TRUE,0.9643452763557434,0.17480122666412304,0.009754213504493237,0.9643452763557434,0.02590049058198929,-2.0,2.59375,-1.0234375
2,NZZ-1948-07-19-c-p0002,NZZ-1948-07-19-c-p0002_Q151414,NZZ-1948-07-19-c-p0002_Q145,FALSE,FALSE,0.9489621520042419,0.23345395509697786,0.9489621520042419,0.016200730577111244,0.03483704850077629,2.46875,-1.6015625,-0.8359375
3,GDL-1981-12-11-62,GDL-1981-12-11-62-NIL_m_benjamin,GDL-1981-12-11-62-NIL_fulgur,FALSE,PROBABLE,0.7996705174446106,0.5498739640868797,0.01333576813340187,0.18699367344379425,0.7996705174446106,-2.375,0.265625,1.71875
4,sn88085488-1910-09-02-a-i0006,sn88085488-1910-09-02-a-i0006-NIL_clerk_henry,sn88085488-1910-09-02-a-i0006_Q983540,PROBABLE,TRUE,0.9404087662696838,0.2466686643147156,0.006640515755861998,0.9404087662696838,0.05295071378350258,-2.453125,2.5,-0.376953125
5,test_fr_5,test_fr_5_Q440600,test_fr_5_Q726531,FALSE,FALSE,0.9518043994903564,0.22414077494805118,0.9518043994903564,0.01650514267385006,0.03169046342372894,2.53125,-1.5234375,-0.87109375
6,sn82014385-1810-04-07-a-i0003,sn82014385-1810-04-07-a-i0003-NIL_gen_fain,sn82014385-1810-04-07-a-i0003-NIL_boneventa,FALSE,FALSE,0.9591295123100281,0.1952585938959469,0.9591295123100281,0.011793971993029118,0.029076559469103813,2.65625,-1.7421875,-0.83984375
7,sn91068761-1960-04-13-a-i0001,sn91068761-1960-04-13-a-i0001-NIL_clinton_shipley,sn91068761-1960-04-13-a-i0001_Q1428,FALSE,FALSE,0.9518128037452698,0.2238563143004354,0.9518128037452698,0.01612294465303421,0.03206430375576019,2.53125,-1.546875,-0.859375
8,sn83026170-1820-03-06-a-i0002,sn83026170-1820-03-06-a-i0002-NIL_j_jackson,sn83026170-1820-03-06-a-i0002_Q5092,TRUE,TRUE,0.9636606574058533,0.17793949135617732,0.010457314550876617,0.9636606574058533,0.02588210254907608,-1.9296875,2.59375,-1.0234375
9,luxwort-1938-05-06-a-i0025,luxwort-1938-05-06-a-i0025_Q202979,luxwort-1938-05-06-a-i0025_Q61,PROBABLE,PROBABLE,0.7822121381759644,0.5599576369526237,0.008488297462463379,0.20929956436157227,0.7822121381759644,-2.765625,0.439453125,1.7578125
10,GDL-1881-09-24-5,GDL-1881-09-24-5-NIL_m_aime_humbert,GDL-1881-09-24-5-NIL_glaris,FALSE,FALSE,0.9548197388648987,0.21259254609348877,0.9548197388648987,0.014726485125720501,0.030453776940703392,2.5625,-1.609375,-0.8828125
11,EXP-1978-09-27-a-i0229,EXP-1978-09-27-a-i0229_Q1370340,EXP-1978-09-27-a-i0229_Q24826,TRUE,TRUE,0.9462267756462097,0.2464540586920772,0.024061359465122223,0.9462267756462097,0.02971181645989418,-1.375,2.296875,-1.1640625
12,EXP-1908-01-21-a-i0053,EXP-1908-01-21-a-i0053_Q244748,EXP-1908-01-21-a-i0053_Q207521,TRUE,FALSE,0.9539302587509155,0.2126175475125588,0.9539302587509155,0.011458314023911953,0.03461144119501114,2.609375,-1.8125,-0.70703125
13,JDG-1921-02-22-34,JDG-1921-02-22-34-NIL_m_ernest_ansemiet,JDG-1921-02-22-34-NIL_gourgas,FALSE,TRUE,0.8431527018547058,0.5297131626269128,0.04646552354097366,0.8431527018547058,0.11038176715373993,-1.3359375,1.5625,-0.470703125
14,GDL-1826-09-29-17,GDL-1826-09-29-17-NIL_m_le_marquis_de_souza,GDL-1826-09-29-17-NIL_zamora,FALSE,FALSE,0.5476099252700806,0.882403171915414,0.5476099252700806,0.38304072618484497,0.06934936344623566,0.75390625,0.396484375,-1.3125
15,sn83030483-1790-03-03-a-i0004,sn83030483-1790-03-03-a-i0004_Q3934904,sn83030483-1790-03-03-a-i0004_Q84,FALSE,FALSE,0.8870622515678406,0.39473452370300866,0.8870622515678406,0.013896890915930271,0.09904085099697113,2.109375,-2.046875,-0.0830078125
16,GDL-1804-08-28-2,GDL-1804-08-28-2-NIL_nelson,GDL-1804-08-28-2-NIL_europe,PROBABLE,TRUE,0.968546450138092,0.15877143471300922,0.009203155525028706,0.968546450138092,0.022250376641750336,-1.96875,2.6875,-1.0859375
17,EXP-1918-11-18-a-i0067,EXP-1918-11-18-a-i0067-NIL_platten,EXP-1918-11-18-a-i0067_Q39,TRUE,TRUE,0.9635019302368164,0.17865985268437704,0.010620243847370148,0.9635019302368164,0.02587783895432949,-1.9296875,2.578125,-1.0390625
18,GDL-1961-12-21-72,GDL-1961-12-21-72-NIL_coppi,GDL-1961-12-21-72-NIL_herentals,FALSE,FALSE,0.9451741576194763,0.24867376307836475,0.9451741576194763,0.020397894084453583,0.03442796692252159,2.390625,-1.4453125,-0.921875
19,NZZ-1928-06-05-a-p0002,NZZ-1928-06-05-a-p0002_Q34624,NZZ-1928-06-05-a-p0002_Q807,FALSE,FALSE,0.947348415851593,0.24079559605781564,0.947348415851593,0.019206129014492035,0.03344549238681793,2.4375,-1.4609375,-0.90625
20,NZZ-1878-02-06-b-p0001,NZZ-1878-02-06-b-p0001_Q66452,NZZ-1878-02-06-b-p0001_Q16869,FALSE,FALSE,0.9499484300613403,0.23116773145514652,0.9499484300613403,0.017672905698418617,0.03237872198224068,2.484375,-1.5,-0.89453125
21,sn84026272-1800-12-27-a-i0002,sn84026272-1800-12-27-a-i0002-NIL_otto,sn84026272-1800-12-27-a-i0002_Q142,FALSE,TRUE,0.966152012348175,0.1682851092945441,0.00984913483262062,0.966152012348175,0.023998916149139404,-1.9453125,2.640625,-1.0546875
22,sn83026170-1820-05-05-a-i0004,sn83026170-1820-05-05-a-i0004-NIL_john_binns,sn83026170-1820-05-05-a-i0004_Q23666,FALSE,TRUE,0.8088331818580627,0.600300655305556,0.13864557445049286,0.8088331818580627,0.0525212436914444,-0.294921875,1.46875,-1.265625
23,sn89058133-1920-06-17-a-i0007,sn89058133-1920-06-17-a-i0007_Q9077,sn89058133-1920-06-17-a-i0007_Q79,TRUE,TRUE,0.9696680307388306,0.1532702778260488,0.007880991324782372,0.9696680307388306,0.022450856864452362,-2.078125,2.734375,-1.03125
24,luxwort-1858-10-24-a-i0007,luxwort-1858-10-24-a-i0007_Q446724,luxwort-1858-10-24-a-i0007-NIL_avigdor,FALSE,TRUE,0.9630064964294434,0.181803152866088,0.012313363142311573,0.9630064964294434,0.024680109694600105,-1.796875,2.5625,-1.1015625
25,NZZ-1848-10-21-a-p0003,NZZ-1848-10-21-a-p0003-NIL_teichert,NZZ-1848-10-21-a-p0003_Q490,FALSE,FALSE,0.938828706741333,0.2717667570437253,0.938828706741333,0.02561224438250065,0.03555907681584358,2.328125,-1.2734375,-0.9453125
26,sn91068761-1960-04-06-a-i0012,sn91068761-1960-04-06-a-i0012-NIL_col_gruenwald,sn91068761-1960-04-06-a-i0012_Q6948590,TRUE,TRUE,0.9668222069740295,0.1644959185463179,0.008496374823153019,0.9668222069740295,0.024681299924850464,-2.0625,2.671875,-0.99609375
27,EXP-1978-09-27-a-i0229,EXP-1978-09-27-a-i0229_Q1370340,EXP-1978-09-27-a-i0229_Q22890,TRUE,TRUE,0.8061581254005432,0.61074695663144,0.13498592376708984,0.8061581254005432,0.058855921030044556,-0.404296875,1.3828125,-1.234375
28,sn84026272-1800-10-16-a-i0001,sn84026272-1800-10-16-a-i0001-NIL_alexan_der_addison,sn84026272-1800-10-16-a-i0001_Q7163624,TRUE,TRUE,0.9665060043334961,0.16579424088883352,0.008627350442111492,0.9665060043334961,0.0248667411506176,-2.046875,2.671875,-0.98828125
29,GDL-1981-05-13-1,GDL-1981-05-13-1-NIL_ronald_reagan,GDL-1981-05-13-1-NIL_syrie,FALSE,FALSE,0.7141298055648804,0.6626728526340571,0.7141298055648804,0.016926446929574013,0.26894375681877136,1.5390625,-2.203125,0.5625
30,GDL-1981-11-17-62,GDL-1981-11-17-62-NIL_g_w_pabst,GDL-1981-11-17-62-NIL_bourges,FALSE,FALSE,0.9535716772079468,0.21728504923012246,0.9535716772079468,0.015293106436729431,0.03113521821796894,2.546875,-1.5859375,-0.875
31,GDL-1981-04-09-30,GDL-1981-04-09-30-NIL_m_wittwer,GDL-1981-04-09-30-NIL_chaux_de_fonds,TRUE,FALSE,0.9529444575309753,0.22138144234786844,0.9529444575309753,0.018725179135799408,0.02833029255270958,2.484375,-1.4453125,-1.03125
32,NZZ-1878-10-02-b-p0009,NZZ-1878-10-02-b-p0009_Q76679,NZZ-1878-10-02-b-p0009_Q28,FALSE,FALSE,0.9502362012863159,0.22950784061324891,0.9502362012863159,0.016607187688350677,0.03315659984946251,2.5,-1.546875,-0.85546875
33,9838247_1868-02-19_0_0_001,9838247_1868-02-19_0_0_001_Q57428,9838247_1868-02-19_0_0_001_Q1228247,TRUE,TRUE,0.9655278325080872,0.17064768543734293,0.0099199702963233,0.9655278325080872,0.02455216273665428,-1.953125,2.625,-1.046875
34,GDL-1908-01-07-a-i0009,GDL-1908-01-07-a-i0009_Q20789802,GDL-1908-01-07-a-i0009_Q126148,TRUE,PROBABLE,0.9913075566291809,0.05559761108632522,0.0031551148276776075,0.005537399090826511,0.9913075566291809,-2.328125,-1.765625,3.421875
35,GDL-1981-11-17-62,GDL-1981-11-17-62-NIL_melaine_favenncc,GDL-1981-11-17-62-NIL_montreux,FALSE,FALSE,0.9513319134712219,0.2256525887690864,0.9513319134712219,0.016368569806218147,0.0322994589805603,2.5,-1.5625,-0.8828125
36,EXP-1808-09-01-a-i0001,EXP-1808-09-01-a-i0001-NIL_cousandier,EXP-1808-09-01-a-i0001_Q69807,TRUE,TRUE,0.9659666419029236,0.16861818461981992,0.00947000365704298,0.9659666419029236,0.024563319981098175,-2.0,2.625,-1.046875
37,GDL-1881-09-24-5,GDL-1881-09-24-5-NIL_m_berthoud,GDL-1881-09-24-5-NIL_gorges_de_l_areuse,FALSE,FALSE,0.9520488381385803,0.22279718334658366,0.9520488381385803,0.015753362327814102,0.03219778463244438,2.515625,-1.5859375,-0.87109375
38,NZZ-1898-05-02-d-p0001,NZZ-1898-05-02-d-p0001-NIL_jakob_welti,NZZ-1898-05-02-d-p0001_Q248693,FALSE,FALSE,0.9456209540367126,0.2469458839842301,0.9456209540367126,0.019934797659516335,0.03444424271583557,2.421875,-1.4375,-0.890625
39,GDL-1981-07-25-67,GDL-1981-07-25-67-NIL_raymond_vincy,GDL-1981-07-25-67-NIL_france,FALSE,FALSE,0.9558359980583191,0.2079955084486783,0.9558359980583191,0.013318430632352829,0.030845552682876587,2.59375,-1.6796875,-0.83984375
40,EXP-1928-10-25-a-i0006,EXP-1928-10-25-a-i0006-NIL_rabours,EXP-1928-10-25-a-i0006_Q12771,FALSE,TRUE,0.963621199131012,0.1779326516139218,0.01029476709663868,0.963621199131012,0.02608403190970421,-1.9296875,2.609375,-1.0
41,11614109_1886-06-22_5_67_001,11614109_1886-06-22_5_67_001_Q77340,11614109_1886-06-22_5_67_001_Q161062,FALSE,FALSE,0.9457022547721863,0.23977453915202446,0.9457022547721863,0.012092105112969875,0.04220559448003769,2.515625,-1.84375,-0.59375
42,GDL-1908-01-07-a-i0009,GDL-1908-01-07-a-i0009_Q2478026,GDL-1908-01-07-a-i0009_Q7903,TRUE,TRUE,0.957297682762146,0.1952703360651062,0.006866224575787783,0.957297682762146,0.03583618625998497,-2.34375,2.59375,-0.69140625
43,NZZ-1848-10-21-a-p0003,NZZ-1848-10-21-a-p0003_Q153500,NZZ-1848-10-21-a-p0003_Q183,FALSE,TRUE,0.9686115384101868,0.15761608445660374,0.00825021043419838,0.9686115384101868,0.02313828654587269,-2.0625,2.703125,-1.03125
44,sn89058133-1920-07-08-a-i0006,sn89058133-1920-07-08-a-i0006-NIL_jim_carlen,sn89058133-1920-07-08-a-i0006_Q30,TRUE,TRUE,0.9448790550231934,0.25129175393502845,0.024984220042824745,0.9448790550231934,0.030136721208691597,-1.3515625,2.28125,-1.1640625
45,NZZ-1888-03-08-b-p0002,NZZ-1888-03-08-b-p0002_Q391573,NZZ-1888-03-08-b-p0002_Q403,TRUE,TRUE,0.9663349986076355,0.1667037903277317,0.008899637497961521,0.9663349986076355,0.024765413254499435,-2.03125,2.65625,-1.0078125
46,NZZ-1848-10-21-a-p0003,NZZ-1848-10-21-a-p0003_Q153500,NZZ-1848-10-21-a-p0003_Q1794,FALSE,TRUE,0.9574886560440063,0.19499936202090024,0.007085595279932022,0.9574886560440063,0.03542574495077133,-2.28125,2.625,-0.671875
47,EXP-1808-09-01-a-i0001,EXP-1808-09-01-a-i0001-NIL_favre,EXP-1808-09-01-a-i0001-NIL_villard,TRUE,TRUE,0.9088393449783325,0.35932181444384137,0.025581153109669685,0.9088393449783325,0.06557942926883698,-1.6171875,1.953125,-0.67578125
48,sn83030483-1790-05-29-a-i0003,sn83030483-1790-05-29-a-i0003_Q2078354,sn83030483-1790-05-29-a-i0003_Q28729,FALSE,FALSE,0.9547121524810791,0.21329216740932327,0.9547121524810791,0.015192242339253426,0.03009559027850628,2.578125,-1.5625,-0.87890625
49,sn89058133-1920-04-22-a-i0003,sn89058133-1920-04-22-a-i0003-NIL_lon_morelock,sn89058133-1920-04-22-a-i0003_Q2456192,FALSE,FALSE,0.956963837146759,0.20171977944568031,0.956963837146759,0.010798320174217224,0.03223782777786255,2.640625,-1.84375,-0.75
50,sn91068761-1960-04-06-a-i0012,sn91068761-1960-04-06-a-i0012-NIL_george_rent,sn91068761-1960-04-06-a-i0012_Q6948590,FALSE,FALSE,0.9034165740013123,0.3843831842916716,0.9034165740013123,0.046406231820583344,0.05017710104584694,1.9765625,-0.9921875,-0.9140625
51,EXP-1928-10-25-a-i0006,EXP-1928-10-25-a-i0006_Q9061,EXP-1928-10-25-a-i0006_Q25607,FALSE,FALSE,0.9545720219612122,0.21318561839773864,0.9545720219612122,0.014381613582372665,0.031046370044350624,2.5625,-1.6328125,-0.86328125
52,9838247_1868-02-19_0_0_001,9838247_1868-02-19_0_0_001_Q57428,9838247_1868-02-19_0_0_001_Q164079,PROBABLE,TRUE,0.9591110944747925,0.19682065140764862,0.013680984266102314,0.9591110944747925,0.027207888662815094,-1.765625,2.484375,-1.078125
53,GDL-1881-01-15-12,GDL-1881-01-15-12-NIL_m_patrick_collins,GDL-1881-01-15-12-NIL_salford,FALSE,FALSE,0.9553486704826355,0.20865496831849772,0.9553486704826355,0.0122154476121068,0.032435834407806396,2.609375,-1.75,-0.7734375
54,27646518_1892-07-05_21_335_005,27646518_1892-07-05_21_335_005-NIL_jsidor_freymark,27646518_1892-07-05_21_335_005_Q64,TRUE,TRUE,0.9608641266822815,0.18844581236164265,0.011013072915375233,0.9608641266822815,0.02812286652624607,-1.921875,2.546875,-0.984375
55,luxwort-1948-04-23-a-i0023,luxwort-1948-04-23-a-i0023_Q1275,luxwort-1948-04-23-a-i0023_Q239,FALSE,FALSE,0.9539383053779602,0.21442860066454839,0.9539383053779602,0.013291988521814346,0.03276973217725754,2.53125,-1.7421875,-0.83984375
56,GDL-1826-06-30-2,GDL-1826-06-30-2-NIL_ibrahim,GDL-1826-06-30-2-NIL_patras,TRUE,TRUE,0.964625358581543,0.17408152366710322,0.01006676908582449,0.964625358581543,0.025307854637503624,-1.953125,2.609375,-1.03125
57,sn83026170-1820-03-06-a-i0002,sn83026170-1820-03-06-a-i0002-NIL_isaac_llister,sn83026170-1820-03-06-a-i0002-NIL_margaritta,TRUE,TRUE,0.9645094871520996,0.17442901026709745,0.009987229481339455,0.9645094871520996,0.025503281503915787,-1.9453125,2.625,-1.0078125
58,GDL-1826-08-22-10,GDL-1826-08-22-10-NIL_m_le_prince_de_metternicli,GDL-1826-08-22-10-NIL_sardaigne,FALSE,FALSE,0.9569117426872253,0.20510111176014167,0.9569117426872253,0.014416864141821861,0.02867135778069496,2.609375,-1.5859375,-0.8984375
59,27112366_1874-08-25_000_197_0_006,27112366_1874-08-25_000_197_0_006-NIL_rosenstein,27112366_1874-08-25_000_197_0_006_Q64,FALSE,FALSE,0.9570099711418152,0.20498520693509878,0.9570099711418152,0.014760266058146954,0.02822974883019924,2.625,-1.546875,-0.8984375
60,NZZ-1878-10-02-b-p0009,NZZ-1878-10-02-b-p0009_Q76679,NZZ-1878-10-02-b-p0009_Q490,FALSE,FALSE,0.9555065631866455,0.20867304320711666,0.9555065631866455,0.01280379481613636,0.03168969601392746,2.59375,-1.71875,-0.8125
61,NZZ-1888-03-08-b-p0002,NZZ-1888-03-08-b-p0002_Q216092,NZZ-1888-03-08-b-p0002_Q42810,TRUE,TRUE,0.9642715454101562,0.1751417093125612,0.00982996542006731,0.9642715454101562,0.025898508727550507,-1.9765625,2.609375,-1.0078125
62,NZZ-1878-10-02-b-p0009,NZZ-1878-10-02-b-p0009_Q76679,NZZ-1878-10-02-b-p0009_Q172579,FALSE,FALSE,0.9537965059280396,0.2168472814173774,0.9537965059280396,0.015782279893755913,0.030421141535043716,2.546875,-1.5546875,-0.8984375
63,EXP-1908-01-21-a-i0053,EXP-1908-01-21-a-i0053_Q244748,EXP-1908-01-21-a-i0053_Q3624,TRUE,FALSE,0.9521404504776001,0.21806632235849144,0.9521404504776001,0.01108494121581316,0.03677456080913544,2.578125,-1.875,-0.67578125
64,27112366_1874-08-25_000_197_0_006,27112366_1874-08-25_000_197_0_006_Q1612411,27112366_1874-08-25_000_197_0_006_Q81720,FALSE,FALSE,0.9571048617362976,0.20387181931166046,0.9571048617362976,0.013652367517352104,0.029242750257253647,2.609375,-1.640625,-0.87890625
65,GDL-1804-07-20-13,GDL-1804-07-20-13-NIL_napoleon_bonaparte,GDL-1804-07-20-13-NIL_constantinople,FALSE,FALSE,0.9504367709159851,0.2258917421337303,0.9504367709159851,0.013140140101313591,0.03642309084534645,2.53125,-1.75,-0.73046875
66,9838247_1868-02-19_0_0_001,9838247_1868-02-19_0_0_001_Q57428,9838247_1868-02-19_0_0_001_Q102911,FALSE,FALSE,0.949619710445404,0.23276419561199313,0.949619710445404,0.018514636904001236,0.03186570480465889,2.46875,-1.46875,-0.92578125
67,sn82014385-1810-04-14-a-i0002,sn82014385-1810-04-14-a-i0002_Q11813,sn82014385-1810-04-14-a-i0002_Q450324,FALSE,FALSE,0.9536193609237671,0.2163325099749338,0.9536193609237671,0.014255454763770103,0.03212516009807587,2.5625,-1.640625,-0.828125
68,sn83020874-1830-03-03-a-i0002,sn83020874-1830-03-03-a-i0002-NIL_ferdinand,sn83020874-1830-03-03-a-i0002_Q1456,FALSE,FALSE,0.9532245993614197,0.218805861772412,0.9532245993614197,0.01577281765639782,0.031002545729279518,2.53125,-1.5703125,-0.89453125
69,EXP-1808-09-01-a-i0001,EXP-1808-09-01-a-i0001-NIL_bonvepre,EXP-1808-09-01-a-i0001_Q69807,FALSE,TRUE,0.9666972160339355,0.16593098924159838,0.009477165527641773,0.9666972160339355,0.023825593292713165,-2.0,2.625,-1.078125
70,sn92063852-1950-09-23-a-i0018,sn92063852-1950-09-23-a-i0018-NIL_mrs_e_r_naggles,sn92063852-1950-09-23-a-i0018_Q79718,TRUE,TRUE,0.9649660587310791,0.17269872246690746,0.009914197959005833,0.9649660587310791,0.025119775906205177,-1.96875,2.609375,-1.0390625
71,NZZ-1818-01-06-a-p0001,NZZ-1818-01-06-a-p0001_Q131691,NZZ-1818-01-06-a-p0001_Q784000,FALSE,FALSE,0.9548185467720032,0.21308527477519326,0.9548185467720032,0.015433204360306263,0.029748279601335526,2.546875,-1.578125,-0.921875
72,sn83025812-1930-07-11-a-i0003,sn83025812-1930-07-11-a-i0003-NIL_w_o_,sn83025812-1930-07-11-a-i0003_Q220,TRUE,TRUE,0.9666587114334106,0.1659361917160351,0.009329864755272865,0.9666587114334106,0.024011502042412758,-1.96875,2.671875,-1.0234375
73,JDG-1961-01-20-70,JDG-1961-01-20-70-NIL_w_lienhard,JDG-1961-01-20-70-NIL_lucerne,TRUE,FALSE,0.8957549333572388,0.4034098841414366,0.8957549333572388,0.06488826870918274,0.03935672715306282,1.9140625,-0.7109375,-1.2109375
74,luxwort-1948-05-04-a-i0049,luxwort-1948-05-04-a-i0049_Q3379042,luxwort-1948-05-04-a-i0049_Q61,PROBABLE,TRUE,0.9705232381820679,0.1496655235569674,0.007526727393269539,0.9705232381820679,0.021950125694274902,-2.109375,2.75,-1.0390625
75,sn91068761-1960-04-06-a-i0012,sn91068761-1960-04-06-a-i0012-NIL_george_rent,sn91068761-1960-04-06-a-i0012-NIL_horry_district_scout_camporee,TRUE,FALSE,0.9153630137443542,0.3484414440474964,0.9153630137443542,0.03959471732378006,0.04504229500889778,2.0625,-1.078125,-0.94921875
76,NZZ-1898-11-07-c-p0001,NZZ-1898-11-07-c-p0001_Q86964,NZZ-1898-11-07-c-p0001_Q28,TRUE,TRUE,0.9640978574752808,0.17554180583830614,0.009600524790585041,0.9640978574752808,0.026301614940166473,-2.0,2.609375,-0.9921875
77,sn86063397-1900-06-26-a-i0002,sn86063397-1900-06-26-a-i0002_Q212679,sn86063397-1900-06-26-a-i0002_Q1371,FALSE,FALSE,0.9528627395629883,0.21960647509326242,0.9528627395629883,0.015162812545895576,0.03197452798485756,2.53125,-1.609375,-0.86328125
78,sn89058133-1920-06-17-a-i0007,sn89058133-1920-06-17-a-i0007-NIL_pharaoh,sn89058133-1920-06-17-a-i0007_Q23197,FALSE,TRUE,0.9667540192604065,0.16530791532386158,0.009043706580996513,0.9667540192604065,0.024202212691307068,-2.0,2.671875,-1.015625
79,IMP-2018-01-03-a-i0049,IMP-2018-01-03-a-i0049-NIL_diable,IMP-2018-01-03-a-i0049_Q398,PROBABLE,PROBABLE,0.9705438017845154,0.14471787103604647,0.00409229751676321,0.02536385878920555,0.9705438017845154,-2.625,-0.80078125,2.84375
80,NZZ-1938-11-13-c-p0001,NZZ-1938-11-13-c-p0001-NIL_siurgenenger,NZZ-1938-11-13-c-p0001_Q66243,FALSE,FALSE,0.952015221118927,0.22367048428915387,0.952015221118927,0.01690029352903366,0.031084397807717323,2.5,-1.53125,-0.921875
81,sn83030483-1790-05-29-a-i0003,sn83030483-1790-05-29-a-i0003_Q2078354,sn83030483-1790-05-29-a-i0003-NIL_belipatain,FALSE,FALSE,0.9545997381210327,0.21367941805259666,0.9545997381210327,0.01519045326858759,0.030209824442863464,2.578125,-1.5625,-0.875
82,EXP-1928-01-17-a-i0062,EXP-1928-01-17-a-i0062-NIL_uranie_montandon,EXP-1928-01-17-a-i0062_Q68532,FALSE,FALSE,0.9541462659835815,0.21531972695016816,0.9541462659835815,0.015302320942282677,0.030551407486200333,2.546875,-1.5859375,-0.89453125
83,sn91068761-1960-04-13-a-i0001,sn91068761-1960-04-13-a-i0001-NIL_alvie_mitchell_godwin,sn91068761-1960-04-13-a-i0001_Q1603,TRUE,TRUE,0.9627906084060669,0.18113933650696212,0.010529817081987858,0.9627906084060669,0.02667957916855812,-1.953125,2.5625,-1.0234375
84,luxwort-1858-10-24-a-i0007,luxwort-1858-10-24-a-i0007_Q4015365,luxwort-1858-10-24-a-i0007_Q495,TRUE,TRUE,0.965712308883667,0.1699711931425315,0.009921865537762642,0.965712308883667,0.024365751072764397,-1.953125,2.625,-1.0546875
85,luxwort-1848-10-01-a-i0001,luxwort-1848-10-01-a-i0001-NIL_kuborn,luxwort-1848-10-01-a-i0001_Q215826,PROBABLE,FALSE,0.9487177729606628,0.2353757821057485,0.9487177729606628,0.017788441851735115,0.03349383547902107,2.453125,-1.5234375,-0.890625
86,luxwort-1948-05-04-a-i0049,luxwort-1948-05-04-a-i0049_Q151414,luxwort-1948-05-04-a-i0049_Q30,FALSE,FALSE,0.9564815163612366,0.2021207463071259,0.9564815163612366,0.009750552475452423,0.033767927438020706,2.6875,-1.8984375,-0.65625
87,sn85042404-1880-03-09-a-i0004,sn85042404-1880-03-09-a-i0004-NIL_yenard,sn85042404-1880-03-09-a-i0004-NIL_nevada_col_,PROBABLE,PROBABLE,0.9896432161331177,0.06440881718555751,0.0037405008915811777,0.0066162715665996075,0.9896432161331177,-2.3125,-1.7421875,3.265625
88,NZZ-1948-12-30-a-p0002,NZZ-1948-12-30-a-p0002_Q1391679,NZZ-1948-12-30-a-p0002_Q84,TRUE,TRUE,0.9689548015594482,0.1568520225448072,0.008785414509475231,0.9689548015594482,0.022259758785367012,-2.0,2.703125,-1.0703125
89,luxwort-1858-10-24-a-i0007,luxwort-1858-10-24-a-i0007_Q166092,luxwort-1858-10-24-a-i0007_Q1216,TRUE,TRUE,0.9704124331474304,0.1498300614287941,0.007294321432709694,0.9704124331474304,0.022293243557214737,-2.15625,2.734375,-1.0390625
90,sn88068010-1890-11-06-a-i0006,sn88068010-1890-11-06-a-i0006-NIL_s_h_clifford,sn88068010-1890-11-06-a-i0006_Q576252,FALSE,FALSE,0.9540223479270935,0.21607071948478235,0.9540223479270935,0.01578601822257042,0.03019155189394951,2.546875,-1.5546875,-0.90625
91,GDL-1988-07-08-a-i0186,GDL-1988-07-08-a-i0186_Q76711,GDL-1988-07-08-a-i0186_Q71,TRUE,TRUE,0.9595081210136414,0.19145309735416655,0.009406685829162598,0.9595081210136414,0.031085243448615074,-2.046875,2.578125,-0.8515625
92,EXP-1928-01-17-a-i0062,EXP-1928-01-17-a-i0062-NIL_gedeon,EXP-1928-01-17-a-i0062_Q671611,FALSE,FALSE,0.9551600217819214,0.21166558566238702,0.9551600217819214,0.015081086196005344,0.029758919030427933,2.546875,-1.6015625,-0.921875
93,sn86063397-1900-06-26-a-i0002,sn86063397-1900-06-26-a-i0002_Q1966467,sn86063397-1900-06-26-a-i0002_Q1221,FALSE,FALSE,0.9510510563850403,0.22719327445594503,0.9510510563850403,0.017283551394939423,0.0316653810441494,2.5,-1.5078125,-0.90234375
94,9838247_1868-02-19_0_0_001,9838247_1868-02-19_0_0_001_Q57428,9838247_1868-02-19_0_0_001_Q1142,FALSE,FALSE,0.951323390007019,0.22154764953864803,0.951323390007019,0.011789732612669468,0.03688681125640869,2.578125,-1.8125,-0.671875
95,sn89058133-1920-07-08-a-i0006,sn89058133-1920-07-08-a-i0006-NIL_jim_koffmeister,sn89058133-1920-07-08-a-i0006_Q2456192,TRUE,TRUE,0.964584469795227,0.17408420995484686,0.009910278022289276,0.964584469795227,0.025505265220999718,-1.96875,2.609375,-1.0234375
96,NZZ-1928-02-17-i-p0001,NZZ-1928-02-17-i-p0001-NIL_niederer,NZZ-1928-02-17-i-p0001_Q2244426,FALSE,FALSE,0.9565139412879944,0.2050609233258206,0.9565139412879944,0.012618579901754856,0.030867431312799454,2.625,-1.703125,-0.80859375
97,27646518_1892-07-05_21_335_005,27646518_1892-07-05_21_335_005-NIL_august_jabu,27646518_1892-07-05_21_335_005-NIL_fran_osischestrae,FALSE,TRUE,0.9697631001472473,0.15316875632877258,0.008131958544254303,0.9697631001472473,0.022104956209659576,-2.0625,2.71875,-1.0625
98,sn89058133-1920-06-17-a-i0007,sn89058133-1920-06-17-a-i0007_Q9077,sn89058133-1920-06-17-a-i0007_Q23197,FALSE,TRUE,0.8878977298736572,0.41448770259555295,0.028541427105665207,0.8878977298736572,0.08356086909770966,-1.609375,1.828125,-0.53515625
99,GDL-1826-06-30-2,GDL-1826-06-30-2-NIL_ibrahim,GDL-1826-06-30-2-NIL_grece,TRUE,TRUE,0.9653419256210327,0.17132780384991375,0.009918060153722763,0.9653419256210327,0.024739963933825493,-1.953125,2.625,-1.0390625
100,GDL-1881-01-15-12,GDL-1881-01-15-12-NIL_m_patrick_collins,GDL-1881-01-15-12-NIL_buffalo,PROBABLE,FALSE,0.9519219994544983,0.22374172443596632,0.9519219994544983,0.016507182270288467,0.031570810824632645,2.5,-1.5546875,-0.90625
101,NZZ-1948-07-19-c-p0002,NZZ-1948-07-19-c-p0002_Q332405,NZZ-1948-07-19-c-p0002_Q142,FALSE,FALSE,0.9555023312568665,0.21122363965881047,0.9555023312568665,0.016312384977936745,0.028185276314616203,2.53125,-1.5390625,-0.9921875
102,sn83026170-1820-05-05-a-i0004,sn83026170-1820-05-05-a-i0004_Q101384,sn83026170-1820-05-05-a-i0004_Q1345,FALSE,FALSE,0.9531031847000122,0.2193864226767368,0.9531031847000122,0.01601916365325451,0.030877742916345596,2.53125,-1.5546875,-0.8984375
103,9838247_1868-02-19_0_0_001,9838247_1868-02-19_0_0_001_Q765327,9838247_1868-02-19_0_0_001_Q38872,PROBABLE,TRUE,0.9622030258178711,0.1794932234726941,0.007346510887145996,0.9622030258178711,0.03045044094324112,-2.21875,2.65625,-0.796875
104,9838247_1868-02-19_0_0_001,9838247_1868-02-19_0_0_001_Q765327,9838247_1868-02-19_0_0_001_Q102911,FALSE,FALSE,0.9546135067939758,0.21150303319816888,0.9546135067939758,0.012593509629368782,0.03279292583465576,2.578125,-1.75,-0.79296875
105,sn83025812-1930-07-11-a-i0003,sn83025812-1930-07-11-a-i0003_Q23559,sn83025812-1930-07-11-a-i0003_Q220,TRUE,PROBABLE,0.7989487648010254,0.6273000832655489,0.1374872475862503,0.06356396526098251,0.7989487648010254,-0.416015625,-1.1875,1.34375
106,IMP-2018-01-03-a-i0049,IMP-2018-01-03-a-i0049-NIL_simon,IMP-2018-01-03-a-i0049_Q46,TRUE,TRUE,0.9666972160339355,0.16593098924159838,0.009477165527641773,0.9666972160339355,0.023825593292713165,-1.984375,2.640625,-1.0625
107,sn89058133-1920-07-08-a-i0006,sn89058133-1920-07-08-a-i0006-NIL_alfred,sn89058133-1920-07-08-a-i0006_Q2456192,TRUE,TRUE,0.9665166735649109,0.16659740462764588,0.009475396014750004,0.9665166735649109,0.024007974192500114,-1.984375,2.640625,-1.0546875
108,sn83026170-1820-03-06-a-i0002,sn83026170-1820-03-06-a-i0002-NIL_william_murphy,sn83026170-1820-03-06-a-i0002_Q5092,TRUE,TRUE,0.9632680416107178,0.17935268261813786,0.010453054681420326,0.9632680416107178,0.02627897635102272,-1.9453125,2.578125,-1.0234375
109,GDL-1981-12-11-62,GDL-1981-12-11-62-NIL_mouky,GDL-1981-12-11-62-NIL_fulgur,FALSE,FALSE,0.9536862373352051,0.21714439336307567,0.9536862373352051,0.01565765216946602,0.030656196177005768,2.53125,-1.578125,-0.90625
110,luxwort-1858-10-24-a-i0007,luxwort-1858-10-24-a-i0007_Q166092,luxwort-1858-10-24-a-i0007_Q495,TRUE,TRUE,0.9670230746269226,0.1640399460980052,0.008767900057137012,0.9670230746269226,0.024208948016166687,-2.03125,2.671875,-1.015625
111,EXP-1928-01-17-a-i0062,EXP-1928-01-17-a-i0062-NIL_gedeon,EXP-1928-01-17-a-i0062_Q68532,FALSE,FALSE,0.9518890380859375,0.22418112635772175,0.9518890380859375,0.017030585557222366,0.031080277636647224,2.5,-1.5234375,-0.921875
112,EXP-1868-04-22-a-i0042,EXP-1868-04-22-a-i0042-NIL_jeune_r,EXP-1868-04-22-a-i0042-NIL_moliers,FALSE,TRUE,0.9687836766242981,0.15781437273769167,0.009133772924542427,0.9687836766242981,0.022082630544900894,-1.9921875,2.671875,-1.109375
113,GDL-1804-08-28-2,GDL-1804-08-28-2-NIL_ne,GDL-1804-08-28-2-NIL_alger,TRUE,TRUE,0.9691227078437805,0.15621927441089756,0.008786937221884727,0.9691227078437805,0.022090358659625053,-2.03125,2.671875,-1.109375
114,EXP-1918-07-10-a-i0071,EXP-1918-07-10-a-i0071_Q44893,EXP-1918-07-10-a-i0071_Q375776,TRUE,TRUE,0.9544824361801147,0.21637897045368787,0.020279424265027046,0.9544824361801147,0.025238148868083954,-1.4609375,2.390625,-1.2421875
115,GDL-1826-08-22-10,GDL-1826-08-22-10-NIL_m_le_prince_de_metternicli,GDL-1826-08-22-10-NIL_annecy,FALSE,FALSE,0.9548656344413757,0.21174755654184918,0.9548656344413757,0.013834916986525059,0.031299490481615067,2.578125,-1.65625,-0.83984375
116,sn83025812-1930-03-21-a-i0010,sn83025812-1930-03-21-a-i0010-NIL_d_v_m_,sn83025812-1930-03-21-a-i0010_Q745614,FALSE,FALSE,0.8527296185493469,0.5191801511371535,0.8527296185493469,0.0657554492354393,0.08151493966579437,1.6328125,-0.9296875,-0.71484375
117,GDL-1881-09-24-5,GDL-1881-09-24-5-NIL_m_schatzmann,GDL-1881-09-24-5-NIL_lausanne,TRUE,FALSE,0.952288031578064,0.2221616976032813,0.952288031578064,0.016005462035536766,0.031706567853689194,2.515625,-1.5703125,-0.88671875
118,NZZ-1938-11-13-c-p0001,NZZ-1938-11-13-c-p0001-NIL_siurgenenger,NZZ-1938-11-13-c-p0001_Q31003,FALSE,FALSE,0.9530839323997498,0.21969483078473248,0.9530839323997498,0.0163987148553133,0.030517391860485077,2.515625,-1.546875,-0.92578125
119,NZZ-1848-10-21-a-p0003,NZZ-1848-10-21-a-p0003_Q455008,NZZ-1848-10-21-a-p0003_Q14960,FALSE,FALSE,0.9562616348266602,0.20736727379613262,0.9562616348266602,0.01440706942230463,0.02933133952319622,2.59375,-1.6015625,-0.890625
120,GDL-1908-01-07-a-i0009,GDL-1908-01-07-a-i0009_Q2478026,GDL-1908-01-07-a-i0009_Q2254188,PROBABLE,FALSE,0.9583319425582886,0.1983666111428854,0.9583319425582886,0.012158234603703022,0.02950989082455635,2.640625,-1.7265625,-0.83984375
121,EXP-1918-11-18-a-i0067,EXP-1918-11-18-a-i0067_Q15694941,EXP-1918-11-18-a-i0067_Q71,TRUE,TRUE,0.9601880311965942,0.19106416559619077,0.011266307905316353,0.9601880311965942,0.028545638546347618,-1.9140625,2.53125,-0.984375
122,sn83025812-1930-03-21-a-i0010,sn83025812-1930-03-21-a-i0010-NIL_u_b_williams,sn83025812-1930-03-21-a-i0010_Q745614,TRUE,TRUE,0.9627110958099365,0.18150009139831003,0.010611526668071747,0.9627110958099365,0.02667737565934658,-1.9453125,2.5625,-1.0234375
123,GDL-1881-01-15-12,GDL-1881-01-15-12-NIL_m_patrick_collins,GDL-1881-01-15-12-NIL_washington,FALSE,FALSE,0.9571094512939453,0.20470950233498014,0.9571094512939453,0.014877577312290668,0.028012974187731743,2.578125,-1.5859375,-0.953125
124,luxwort-1948-11-06-a-i0044,luxwort-1948-11-06-a-i0044_Q674892,luxwort-1948-11-06-a-i0044_Q1780,TRUE,TRUE,0.9158434867858887,0.3469938671131787,0.03961550071835518,0.9158434867858887,0.04454090818762779,-1.1796875,1.9609375,-1.0625
125,GDL-1981-05-13-1,GDL-1981-05-13-1-NIL_begin,GDL-1981-05-13-1-NIL_israel,TRUE,FALSE,0.678084671497345,0.7938398152737877,0.678084671497345,0.25424924492836,0.06766605377197266,1.046875,0.06591796875,-1.2578125
126,GDL-1881-01-15-12,GDL-1881-01-15-12-NIL_m_patrick_collins,GDL-1881-01-15-12-NIL_lancashire,FALSE,FALSE,0.9507889151573181,0.22664685074037944,0.9507889151573181,0.015248476527631283,0.03396263346076012,2.515625,-1.6171875,-0.81640625
127,NZZ-1868-02-17-a-p0001,NZZ-1868-02-17-a-p0001-NIL_mellana,NZZ-1868-02-17-a-p0001_Q828,FALSE,FALSE,0.9569080471992493,0.2048789143358058,0.9569080471992493,0.01408284343779087,0.029009215533733368,2.59375,-1.625,-0.90234375
128,NZZ-1878-10-02-b-p0009,NZZ-1878-10-02-b-p0009_Q76679,NZZ-1878-10-02-b-p0009_Q43,FALSE,FALSE,0.9518128037452698,0.223769387345668,0.9518128037452698,0.015997475013136864,0.03218980133533478,2.515625,-1.5703125,-0.87109375
129,11614109_1886-06-22_5_67_001,11614109_1886-06-22_5_67_001_Q8442,11614109_1886-06-22_5_67_001_Q21,FALSE,FALSE,0.952406108379364,0.22158932978194384,0.952406108379364,0.01575927436351776,0.03183460980653763,2.53125,-1.5703125,-0.8671875
130,EXP-1928-10-25-a-i0006,EXP-1928-10-25-a-i0006_Q9061,EXP-1928-10-25-a-i0006_Q12433,FALSE,FALSE,0.9572756290435791,0.20286757916033152,0.9572756290435791,0.013131696730852127,0.029592735692858696,2.609375,-1.6796875,-0.8671875
131,GDL-1981-11-17-62,GDL-1981-11-17-62-NIL_frescobaldi,GDL-1981-11-17-62-NIL_eglise_saint_jacques,FALSE,FALSE,0.9507119655609131,0.2281727139435748,0.9507119655609131,0.01700952649116516,0.03227841109037399,2.5,-1.5234375,-0.8828125
132,NZZ-1888-03-08-b-p0002,NZZ-1888-03-08-b-p0002_Q391573,NZZ-1888-03-08-b-p0002_Q3711,TRUE,FALSE,0.8695827126502991,0.4751366734604343,0.8695827126502991,0.05263208597898483,0.0777851864695549,1.703125,-1.1015625,-0.7109375
133,EXP-1938-05-11-a-i0108,EXP-1938-05-11-a-i0108_Q57462,EXP-1938-05-11-a-i0108_Q678584,TRUE,TRUE,0.9704081416130066,0.1502263859138864,0.007644349243491888,0.9704081416130066,0.021947523579001427,-2.09375,2.75,-1.0390625
134,GDL-1921-10-05-19,GDL-1921-10-05-19-NIL_m_bosgbartft,GDL-1921-10-05-19-NIL_autriche,FALSE,FALSE,0.8359680771827698,0.5524500400726453,0.8359680771827698,0.10669739544391632,0.057334523648023605,1.53125,-0.52734375,-1.1484375
135,EXP-1928-10-25-a-i0006,EXP-1928-10-25-a-i0006_Q117253,EXP-1928-10-25-a-i0006_Q70,FALSE,FALSE,0.9505972266197205,0.2284734787317965,0.9505972266197205,0.016875121742486954,0.03252764791250229,2.5,-1.53125,-0.875
136,9838247_1868-02-19_0_0_001,9838247_1868-02-19_0_0_001_Q57428,9838247_1868-02-19_0_0_001_Q38872,FALSE,TRUE,0.9673861861228943,0.16270153945964944,0.008771192282438278,0.9673861861228943,0.023842573165893555,-2.03125,2.671875,-1.03125
137,EXP-1908-01-21-a-i0053,EXP-1908-01-21-a-i0053_Q106618,EXP-1908-01-21-a-i0053_Q27,FALSE,FALSE,0.942317008972168,0.2594258326856067,0.942317008972168,0.023224709555506706,0.034458234906196594,2.359375,-1.34375,-0.94921875
138,NZZ-1878-02-06-b-p0001,NZZ-1878-02-06-b-p0001_Q608043,NZZ-1878-02-06-b-p0001_Q16869,PROBABLE,PROBABLE,0.9284015893936157,0.29051503392450945,0.05935072526335716,0.012247715145349503,0.9284015893936157,-0.53125,-2.109375,2.21875
139,sn83030483-1790-05-29-a-i0003,sn83030483-1790-05-29-a-i0003-NIL_h011_james_gordon,sn83030483-1790-05-29-a-i0003_Q28729,FALSE,FALSE,0.9536727070808411,0.2174336900202465,0.9536727070808411,0.016028735786676407,0.030298611149191856,2.546875,-1.5390625,-0.90234375
140,GDL-1928-05-06-a-i0059,GDL-1928-05-06-a-i0059_Q2713806,GDL-1928-05-06-a-i0059_Q103011,FALSE,FALSE,0.9530998468399048,0.21880335517974658,0.9530998468399048,0.015166586264967918,0.031733594834804535,2.546875,-1.59375,-0.85546875
141,EXP-1808-09-01-a-i0001,EXP-1808-09-01-a-i0001-NIL_jacob,EXP-1808-09-01-a-i0001_Q69807,FALSE,FALSE,0.9470266699790955,0.24017885986291887,0.9470266699790955,0.01668090559542179,0.03629240393638611,2.484375,-1.5546875,-0.77734375
142,sn89058133-1920-04-22-a-i0003,sn89058133-1920-04-22-a-i0003-NIL_d_a_rawley,sn89058133-1920-04-22-a-i0003_Q2057053,TRUE,PROBABLE,0.9915069937705994,0.054842940983473636,0.004246525000780821,0.004246525000780821,0.9915069937705994,-2.046875,-2.046875,3.40625
143,GDL-1961-12-21-72,GDL-1961-12-21-72-NIL_serge_lang,GDL-1961-12-21-72-NIL_belge,FALSE,TRUE,0.9678269028663635,0.160798600308118,0.008505203761160374,0.9678269028663635,0.02366780675947666,-2.0625,2.671875,-1.0390625
144,sn89058133-1920-08-19-a-i0006,sn89058133-1920-08-19-a-i0006-NIL_w_g_adsmond_co_agent,sn89058133-1920-08-19-a-i0006_Q495045,PROBABLE,TRUE,0.9670868515968323,0.16267711039461272,0.00773815531283617,0.9670868515968323,0.025174984708428383,-2.109375,2.71875,-0.9296875
145,9838247_1868-02-19_0_0_001,9838247_1868-02-19_0_0_001_Q765327,9838247_1868-02-19_0_0_001_Q40,FALSE,TRUE,0.9556918144226074,0.2040669662077948,0.009224016219377518,0.9556918144226074,0.03508409857749939,-2.109375,2.53125,-0.7734375
146,GDL-1981-07-25-67,GDL-1981-07-25-67-NIL_george,GDL-1981-07-25-67-NIL_monte_carlocyclisme,FALSE,FALSE,0.9507262706756592,0.22777718134107566,0.9507262706756592,0.01648644730448723,0.03278721496462822,2.515625,-1.5390625,-0.8515625
147,EXP-1918-07-10-a-i0071,EXP-1918-07-10-a-i0071_Q61242,EXP-1918-07-10-a-i0071_Q1757,FALSE,FALSE,0.9572315812110901,0.20398083994048036,0.9572315812110901,0.014421682804822922,0.028346797451376915,2.625,-1.5703125,-0.89453125
148,GDL-1826-08-22-10,GDL-1826-08-22-10-NIL_m_le_prince_de_metternicli,GDL-1826-08-22-10-NIL_lac_de_come,FALSE,FALSE,0.9533417224884033,0.21832277456211083,0.9533417224884033,0.015651995316147804,0.031006354838609695,2.53125,-1.578125,-0.89453125
149,NZZ-1898-05-02-d-p0001,NZZ-1898-05-02-d-p0001-NIL_carl_v_muralt,NZZ-1898-05-02-d-p0001_Q72,TRUE,TRUE,0.9702895283699036,0.1500358233995275,0.007069003768265247,0.9702895283699036,0.022641444578766823,-2.171875,2.75,-1.0078125
150,EXP-1868-04-22-a-i0042,EXP-1868-04-22-a-i0042-NIL_jeune_r,EXP-1868-04-22-a-i0042_Q68544,FALSE,FALSE,0.8304675817489624,0.5568258256221217,0.8304675817489624,0.12081428617238998,0.04871813580393791,1.6171875,-0.310546875,-1.21875
151,GDL-1841-07-30-7,GDL-1841-07-30-7-NIL_robert_peel,GDL-1841-07-30-7-NIL_angleterre,TRUE,TRUE,0.9614073634147644,0.18660646985693052,0.011105725541710854,0.9614073634147644,0.027486933395266533,-1.9140625,2.546875,-1.0078125
152,NZZ-1868-06-16-a-p0003,NZZ-1868-06-16-a-p0003-NIL_huni,NZZ-1868-06-16-a-p0003_Q677710,TRUE,FALSE,0.9473887085914612,0.24128431139067646,0.9473887085914612,0.0204456876963377,0.03216557949781418,2.453125,-1.3828125,-0.9296875
153,NZZ-1878-10-02-b-p0009,NZZ-1878-10-02-b-p0009_Q76679,NZZ-1878-10-02-b-p0009_Q1345,FALSE,FALSE,0.952986478805542,0.2192750738659636,0.952986478805542,0.015283720567822456,0.03172982111573219,2.546875,-1.5859375,-0.85546875
154,EXP-1938-05-11-a-i0108,EXP-1938-05-11-a-i0108_Q115791,EXP-1938-05-11-a-i0108_Q39,TRUE,FALSE,0.9578807353973389,0.1994953069251633,0.9578807353973389,0.011686954647302628,0.03043230064213276,2.640625,-1.765625,-0.80859375
155,9838247_1868-02-19_0_0_001,9838247_1868-02-19_0_0_001_Q8442,9838247_1868-02-19_0_0_001_Q1228247,FALSE,FALSE,0.9550377130508423,0.2108063232280425,0.9550377130508423,0.013411677442491055,0.031550660729408264,2.59375,-1.671875,-0.81640625
156,sn83020874-1830-03-03-a-i0002,sn83020874-1830-03-03-a-i0002-NIL_ferdinand,sn83020874-1830-03-03-a-i0002_Q1370,FALSE,FALSE,0.9531043767929077,0.2188750778729927,0.9531043767929077,0.015285611152648926,0.03161002695560455,2.53125,-1.6015625,-0.875
157,EXP-1918-04-22-a-i0077,EXP-1918-04-22-a-i0077-NIL_schoeller,EXP-1918-04-22-a-i0077_Q64461,FALSE,FALSE,0.8996310830116272,0.39425275176246033,0.8996310830116272,0.057962559163570404,0.042406316846609116,1.9609375,-0.78125,-1.09375
158,luxwort-1938-05-06-a-i0025,luxwort-1938-05-06-a-i0025_Q280856,luxwort-1938-05-06-a-i0025_Q42182,TRUE,TRUE,0.9671965837478638,0.1639468511972746,0.009335055947303772,0.9671965837478638,0.02346832863986492,-2.0,2.640625,-1.078125
159,NZZ-1938-11-13-c-p0001,NZZ-1938-11-13-c-p0001-NIL_siurgenenger,NZZ-1938-11-13-c-p0001_Q670576,FALSE,FALSE,0.9572314620018005,0.20374948315981692,0.9572314620018005,0.01408760342746973,0.028680937364697456,2.59375,-1.625,-0.9140625
160,sn91068761-1960-04-13-a-i0001,sn91068761-1960-04-13-a-i0001-NIL_alvie_mitchell_godwin,sn91068761-1960-04-13-a-i0001_Q2168889,TRUE,TRUE,0.9664766192436218,0.16660647301121245,0.009328107349574566,0.9664766192436218,0.024195268750190735,-2.0,2.640625,-1.046875
161,NZZ-1868-06-16-a-p0003,NZZ-1868-06-16-a-p0003-NIL_syfrig,NZZ-1868-06-16-a-p0003_Q68959,PROBABLE,TRUE,0.9597741961479187,0.19584865895415815,0.016385314986109734,0.9597741961479187,0.023840492591261864,-1.6015625,2.46875,-1.2265625
162,sn83020874-1830-05-15-a-i0002,sn83020874-1830-05-15-a-i0002-NIL_james_daniel,sn83020874-1830-05-15-a-i0002-NIL_buzzard_roost,PROBABLE,TRUE,0.95845627784729,0.1912840679518635,0.0067679546773433685,0.95845627784729,0.03477565944194794,-2.3125,2.640625,-0.67578125
163,27112366_1874-08-25_000_197_0_006,27112366_1874-08-25_000_197_0_006-NIL_zwicker,27112366_1874-08-25_000_197_0_006_Q81720,FALSE,FALSE,0.9552642107009888,0.2108975806898942,0.9552642107009888,0.014504920691251755,0.030230851843953133,2.578125,-1.609375,-0.875
164,sn89058133-1920-07-08-a-i0006,sn89058133-1920-07-08-a-i0006-NIL_d_a_rawley,sn89058133-1920-07-08-a-i0006_Q2456192,TRUE,TRUE,0.9602101445198059,0.19106851272091424,0.011354931630194187,0.9602101445198059,0.028435003012418747,-1.90625,2.53125,-0.98828125
165,NZZ-1818-01-06-a-p0001,NZZ-1818-01-06-a-p0001_Q12971,NZZ-1818-01-06-a-p0001_Q1095337,TRUE,TRUE,0.9681369066238403,0.16004848708992922,0.008916232734918594,0.9681369066238403,0.022946972399950027,-2.015625,2.671875,-1.0703125
166,EXP-1988-02-15-a-i0330,EXP-1988-02-15-a-i0330-NIL_manfred_gsteiger,EXP-1988-02-15-a-i0330_Q46,FALSE,TRUE,0.9701727032661438,0.15136855205667965,0.007885093800723553,0.9701727032661438,0.021942198276519775,-2.0625,2.75,-1.0390625
167,sn82014385-1810-04-14-a-i0002,sn82014385-1810-04-14-a-i0002_Q201646,sn82014385-1810-04-14-a-i0002_Q30,TRUE,TRUE,0.9705260396003723,0.15063994178813297,0.008528923615813255,0.9705260396003723,0.02094501629471779,-1.984375,2.75,-1.0859375
168,sn83030483-1790-05-29-a-i0003,sn83030483-1790-05-29-a-i0003-NIL_capt_kepling,sn83030483-1790-05-29-a-i0003_Q29520,FALSE,FALSE,0.956465482711792,0.20633600025719512,0.956465482711792,0.013966787606477737,0.029567690566182137,2.59375,-1.6328125,-0.8828125
169,JDG-1921-02-22-34,JDG-1921-02-22-34-NIL_m_stalder,JDG-1921-02-22-34-NIL_suisse,TRUE,TRUE,0.7914960980415344,0.6310857408839794,0.15464195609092712,0.7914960980415344,0.053861986845731735,-0.2578125,1.375,-1.3125
170,sn82014385-1810-04-14-a-i0002,sn82014385-1810-04-14-a-i0002_Q1706673,sn82014385-1810-04-14-a-i0002_Q1370,FALSE,FALSE,0.9533417224884033,0.21832277456211083,0.9533417224884033,0.015651995316147804,0.031006354838609695,2.5,-1.609375,-0.92578125
171,GDL-1981-12-11-62,GDL-1981-12-11-62-NIL_maria_esteve,GDL-1981-12-11-62-NIL_fulgur,FALSE,FALSE,0.9520392417907715,0.22334362776726524,0.9520392417907715,0.016509216278791428,0.03145160526037216,2.515625,-1.5390625,-0.89453125
172,NZZ-1898-05-02-d-p0001,NZZ-1898-05-02-d-p0001-NIL_carl_v_muralt,NZZ-1898-05-02-d-p0001_Q248693,FALSE,FALSE,0.9586602449417114,0.19550014097277518,0.9586602449417114,0.010403051972389221,0.030936693772673607,2.6875,-1.8359375,-0.74609375
173,NZZ-1898-11-07-c-p0001,NZZ-1898-11-07-c-p0001_Q379621,NZZ-1898-11-07-c-p0001_Q28,PROBABLE,PROBABLE,0.9911689758300781,0.05647291025581372,0.0034647309221327305,0.005366280674934387,0.9911689758300781,-2.25,-1.8125,3.40625
174,NZZ-1938-11-13-c-p0001,NZZ-1938-11-13-c-p0001-NIL_siurgenenger,NZZ-1938-11-13-c-p0001_Q701030,FALSE,FALSE,0.9501452445983887,0.23074767802498883,0.9501452445983887,0.018095754086971283,0.03175903856754303,2.46875,-1.4921875,-0.9296875
175,sn89058133-1920-07-08-a-i0006,sn89058133-1920-07-08-a-i0006-NIL_bob_lee_maddux,sn89058133-1920-07-08-a-i0006_Q2456192,TRUE,TRUE,0.9649975895881653,0.17236709668146674,0.009684853255748749,0.9649975895881653,0.025317620486021042,-1.9921875,2.609375,-1.03125
176,GDL-1928-05-06-a-i0059,GDL-1928-05-06-a-i0059_Q16524004,GDL-1928-05-06-a-i0059_Q41,TRUE,FALSE,0.9599049091339111,0.19412738086469783,0.9599049091339111,0.013907930813729763,0.026187226176261902,2.625,-1.609375,-0.9765625
177,EXP-1918-11-18-a-i0067,EXP-1918-11-18-a-i0067_Q15694941,EXP-1918-11-18-a-i0067_Q70,PROBABLE,FALSE,0.9458722472190857,0.24521736310454134,0.9458722472190857,0.018441572785377502,0.0356861874461174,2.4375,-1.5,-0.83984375
178,27646518_1892-07-05_21_335_005,27646518_1892-07-05_21_335_005-NIL_august_jabu,27646518_1892-07-05_21_335_005_Q64,TRUE,TRUE,0.96792072057724,0.16072046678983157,0.008776038885116577,0.96792072057724,0.02330312877893448,-2.015625,2.6875,-1.0390625
179,NZZ-1878-10-02-b-p0009,NZZ-1878-10-02-b-p0009_Q76679,NZZ-1878-10-02-b-p0009_Q40,FALSE,FALSE,0.9516695141792297,0.22380351351223537,0.9516695141792297,0.015382304787635803,0.032948195934295654,2.515625,-1.609375,-0.84765625
180,luxwort-1948-05-04-a-i0049,luxwort-1948-05-04-a-i0049_Q3018496,luxwort-1948-05-04-a-i0049_Q30,TRUE,PROBABLE,0.9548612833023071,0.20962530855884084,0.033579301089048386,0.01155945286154747,0.9548612833023071,-0.91015625,-1.9765625,2.4375
181,GDL-1841-07-30-7,GDL-1841-07-30-7-NIL_fanny_elliott,GDL-1841-07-30-7-NIL_londres,PROBABLE,TRUE,0.9612146615982056,0.1869691618609538,0.01076187938451767,0.9612146615982056,0.02802344597876072,-1.9453125,2.546875,-0.98828125
182,sn92063852-1950-09-23-a-i0018,sn92063852-1950-09-23-a-i0018-NIL_mrs_h_f_thomas,sn92063852-1950-09-23-a-i0018_Q79867,TRUE,FALSE,0.9501452445983887,0.23074767802498883,0.9501452445983887,0.018095754086971283,0.03175903856754303,2.484375,-1.4765625,-0.9140625
183,27112366_1874-08-25_000_197_0_006,27112366_1874-08-25_000_197_0_006-NIL_ru,27112366_1874-08-25_000_197_0_006_Q64,TRUE,FALSE,0.9552682638168335,0.21137034863283388,0.9552682638168335,0.015201091766357422,0.029530679807066917,2.5625,-1.578125,-0.9140625
184,JDG-1961-01-20-70,JDG-1961-01-20-70-NIL_m_john_hare,JDG-1961-01-20-70-NIL_londres,TRUE,TRUE,0.9700093865394592,0.15248768325006407,0.008392225950956345,0.9700093865394592,0.02159837819635868,-2.046875,2.703125,-1.1015625
185,sn89058133-1920-04-22-a-i0003,sn89058133-1920-04-22-a-i0003-NIL_lon_morelock,sn89058133-1920-04-22-a-i0003_Q142,FALSE,FALSE,0.9571511745452881,0.2032142447672387,0.9571511745452881,0.013027810491621494,0.02982095628976822,2.625,-1.671875,-0.84375
186,luxwort-1938-05-20-a-i0023,luxwort-1938-05-20-a-i0023_Q275020,luxwort-1938-05-20-a-i0023_Q237,FALSE,FALSE,0.9552139639854431,0.21055906042781014,0.9552139639854431,0.0138399638235569,0.030946126207709312,2.578125,-1.65625,-0.8515625
187,GDL-1981-11-17-62,GDL-1981-11-17-62-NIL_jeanne_ney,GDL-1981-11-17-62-NIL_halles,FALSE,FALSE,0.9528763890266418,0.219992829033574,0.9528763890266418,0.015767056494951248,0.031356535851955414,2.546875,-1.5546875,-0.8671875
